{"products":[{"id":"0.15110527216187708","qty":1}],"totalPrice":20.030000000000005}